{
  "version": "1.0",
  "metadata": {
    "projectName": "My Project",
    "exportDate": "2024-12-07T11:46:00.610Z",
    "lastModified": "2024-12-07T11:46:00.610Z",
    "imageMetadata": {
      "filename": "map.jpg",
      "width": 1600,
      "height": 1131,
      "type": "image/jpeg",
      "size": 799937
    }
  },
  "waypoints": [
    {
      "id": "fclbz6qfx",
      "x": 40.78759765625,
      "y": 30.90185676392573,
      "name": "Morchol",
      "category": "Town",
      "createdAt": "2024-12-07T11:46:00.610Z"
    },
    {
      "id": "1c65j00rb",
      "x": 36.97509765625,
      "y": 19.230769230769234,
      "name": "Solitude",
      "category": "City",
      "createdAt": "2024-12-07T11:46:00.610Z"
    },
    {
      "id": "qydmixfmy",
      "x": 55.91259765624999,
      "y": 18.788682581786027,
      "name": "Dawnstar",
      "category": "Town",
      "createdAt": "2024-12-07T11:46:00.610Z"
    },
    {
      "id": "fdv9tugf3",
      "x": 78.72509765625,
      "y": 40.62776304155615,
      "name": "Windhelm",
      "category": "City",
      "createdAt": "2024-12-07T11:46:00.610Z"
    },
    {
      "id": "es5t0sivs",
      "x": 74.47509765625,
      "y": 17.99292661361627,
      "name": "Winterhold",
      "category": "City",
      "createdAt": "2024-12-07T11:46:00.610Z"
    },
    {
      "id": "lwc399zd5",
      "x": 53.72509765625,
      "y": 54.06719717064544,
      "name": "Whiterun",
      "category": "City",
      "createdAt": "2024-12-07T11:46:00.610Z"
    },
    {
      "id": "ah42zcez2",
      "x": 42.53759765625,
      "y": 78.82404951370468,
      "name": "Falkreach",
      "category": "Town",
      "createdAt": "2024-12-07T11:46:00.610Z"
    },
    {
      "id": "4hxv9vuin",
      "x": 88.89814077065465,
      "y": 81.91856650650784,
      "name": "Riften",
      "category": "Town",
      "createdAt": "2024-12-07T11:46:00.610Z"
    },
    {
      "id": "nf5j924zr",
      "x": 52.37431696472301,
      "y": 68.05033399420728,
      "name": "Riverwood",
      "category": "Town",
      "createdAt": "2024-12-07T11:46:00.610Z"
    },
    {
      "id": "vnhehfnbf",
      "x": 52.787950303408536,
      "y": 77.76395242621884,
      "name": "Helgen",
      "category": "Town",
      "createdAt": "2024-12-07T11:46:00.610Z"
    },
    {
      "id": "3pnh8iog2",
      "x": 10.531169433142573,
      "y": 50.437086114475484,
      "name": "Markarch",
      "category": "City",
      "createdAt": "2024-12-07T11:46:00.610Z"
    },
    {
      "id": "n9ucklv8f",
      "x": 25.835602964506904,
      "y": 24.514598371215726,
      "name": "Dragons Bridge",
      "category": "Town",
      "createdAt": "2024-12-07T11:46:00.610Z"
    }
  ],
  "categories": [
    {
      "id": "yta5wzoxd",
      "name": "Town",
      "color": "#9b87f5",
      "createdAt": "2024-12-07T11:46:00.610Z"
    },
    {
      "id": "ssuqmzejq",
      "name": "City",
      "color": "#F97316",
      "createdAt": "2024-12-07T11:46:00.610Z"
    }
  ],
  "statistics": {
    "totalWaypoints": 12,
    "totalCategories": 2,
    "categoryCounts": {
      "Town": 7,
      "City": 5
    }
  }
}