{
  "version": "1.0",
  "metadata": {
    "projectName": "My Project",
    "exportDate": "2025-01-07T12:36:37.006Z",
    "lastModified": "2025-01-07T12:36:37.007Z",
    "imageMetadata": {
      "filename": "map.png",
      "width": 2531,
      "height": 1701,
      "type": "image/png",
      "size": 2695825
    }
  },
  "waypoints": [
    {
      "id": "wp_1736252249061_1",
      "timestamp": 1736252249061,
      "sequence": 1,
      "x": 20.961008784046573,
      "y": 40.2539683257321,
      "name": "Horticulture",
      "category": "Tent"
    },
    {
      "id": "wp_1736252274194_2",
      "timestamp": 1736252274194,
      "sequence": 2,
      "x": 14.16527587215404,
      "y": 33.904761976525755,
      "name": "Sports Village",
      "category": "Activities"
    },
    {
      "id": "wp_1736252302500_3",
      "timestamp": 1736252302500,
      "sequence": 3,
      "x": 26.373889068519112,
      "y": 39.01940042449753,
      "name": "Food & Drink Marquee",
      "category": "Food & Drink"
    },
    {
      "id": "wp_1736252315572_4",
      "timestamp": 1736252315572,
      "sequence": 4,
      "x": 28.349392821976245,
      "y": 35.198118825438165,
      "name": "Ferris Wheel",
      "category": "Rides"
    },
    {
      "id": "wp_1736252327183_5",
      "timestamp": 1736252327183,
      "sequence": 5,
      "x": 31.03607792667794,
      "y": 38.84303358146403,
      "name": "Pilton Tent",
      "category": "Show"
    },
    {
      "id": "wp_1736252338424_6",
      "timestamp": 1736252338424,
      "sequence": 6,
      "x": 34.82904513331563,
      "y": 42.840682023556916,
      "name": "Shoeing",
      "category": "Show"
    },
    {
      "id": "wp_1736252351183_7",
      "timestamp": 1736252351183,
      "sequence": 7,
      "x": 34.15737385714021,
      "y": 34.37507355794845,
      "name": "Vintage Fairground",
      "category": "Rides"
    },
    {
      "id": "wp_1736252374672_8",
      "timestamp": 1736252374672,
      "sequence": 8,
      "x": 16.930981126994023,
      "y": 35.84479724989436,
      "name": "First Avenue",
      "category": "Toilets"
    },
    {
      "id": "wp_1736252390299_9",
      "timestamp": 1736252390299,
      "sequence": 9,
      "x": 47.551289305579566,
      "y": 38.13756620932999,
      "name": "Main Ring",
      "category": "Show"
    },
    {
      "id": "wp_1736252398489_10",
      "timestamp": 1736252398489,
      "sequence": 10,
      "x": 44.07440269949501,
      "y": 24.91005298181676,
      "name": "NSR Ring",
      "category": "Show"
    },
    {
      "id": "wp_1736252408096_11",
      "timestamp": 1736252408096,
      "sequence": 11,
      "x": 46.840107954335,
      "y": 24.851264034138925,
      "name": "Avenue A",
      "category": "Toilets"
    },
    {
      "id": "wp_1736252421413_12",
      "timestamp": 1736252421413,
      "sequence": 12,
      "x": 52.094947938530964,
      "y": 26.144620883051328,
      "name": "Heavy Horses",
      "category": "Animal Petting"
    },
    {
      "id": "wp_1736252435018_13",
      "timestamp": 1736252435018,
      "sequence": 13,
      "x": 12.782423244734048,
      "y": 52.54085839039995,
      "name": "Green Entrance",
      "category": "Entrance"
    },
    {
      "id": "wp_1736252451489_14",
      "timestamp": 1736252451489,
      "sequence": 14,
      "x": 9.04796130887249,
      "y": 19.292327260377366,
      "name": "Purple Entrance",
      "category": "Entrance"
    },
    {
      "id": "wp_1736252483483_15",
      "timestamp": 1736252483483,
      "sequence": 15,
      "x": 24.506277806896684,
      "y": 27.08186254818718,
      "name": "Avenue A (Disabled)",
      "category": "Toilets"
    },
    {
      "id": "wp_1736252497085_16",
      "timestamp": 1736252497085,
      "sequence": 16,
      "x": 54.04005820887262,
      "y": 34.430480744234174,
      "name": "Council Pavilion",
      "category": "Tent"
    },
    {
      "id": "wp_1736252524015_17",
      "timestamp": 1736252524015,
      "sequence": 17,
      "x": 53.3486319118364,
      "y": 41.4851542124393,
      "name": "Grandstand Society Office",
      "category": "Building"
    },
    {
      "id": "wp_1736252536035_18",
      "timestamp": 1736252536035,
      "sequence": 18,
      "x": 58.8800422881262,
      "y": 45.89432513006749,
      "name": "Main Lawn",
      "category": "Toilets"
    },
    {
      "id": "wp_1736252548025_19",
      "timestamp": 1736252548025,
      "sequence": 19,
      "x": 57.15147654553564,
      "y": 41.4851542124393,
      "name": "Main Lawn",
      "category": "Picnic Area"
    },
    {
      "id": "wp_1736252566464_20",
      "timestamp": 1736252566464,
      "sequence": 20,
      "x": 60.26289488219866,
      "y": 34.797911654036525,
      "name": "Village Church & School",
      "category": "Building"
    },
    {
      "id": "wp_1736252575468_21",
      "timestamp": 1736252575468,
      "sequence": 21,
      "x": 63.57186358944345,
      "y": 36.41460765716687,
      "name": "Arts Centre",
      "category": "Activities"
    },
    {
      "id": "wp_1736252593913_22",
      "timestamp": 1736252593913,
      "sequence": 22,
      "x": 63.12737525563444,
      "y": 27.00837636622671,
      "name": "Main Gate",
      "category": "Toilets"
    },
    {
      "id": "wp_1736252627620_23",
      "timestamp": 1736252627620,
      "sequence": 23,
      "x": 70.37747325310984,
      "y": 26.49397309250342,
      "name": "Main Gate (Disabled)",
      "category": "Toilets"
    },
    {
      "id": "wp_1736252650197_24",
      "timestamp": 1736252650197,
      "sequence": 24,
      "x": 74.0815427015182,
      "y": 26.126542182701073,
      "name": "Security Office",
      "category": "Service & Help"
    },
    {
      "id": "wp_1736252679357_25",
      "timestamp": 1736252679357,
      "sequence": 25,
      "x": 69.78482214136451,
      "y": 22.158288356835694,
      "name": "Lost Property",
      "category": "Service & Help"
    },
    {
      "id": "wp_1736252702310_26",
      "timestamp": 1736252702310,
      "sequence": 26,
      "x": 68.8958454737465,
      "y": 26.20002836466154,
      "name": "First Aid",
      "category": "Service & Help"
    },
    {
      "id": "wp_1736252712885_27",
      "timestamp": 1736252712885,
      "sequence": 27,
      "x": 66.52524102676516,
      "y": 26.347000728582483,
      "name": "Baby Changing Station",
      "category": "Service & Help"
    },
    {
      "id": "wp_1736252731459_28",
      "timestamp": 1736252731459,
      "sequence": 28,
      "x": 55.56119545947643,
      "y": 24.11816469516421,
      "name": "Ring 2",
      "category": "Show"
    },
    {
      "id": "wp_1736252748558_29",
      "timestamp": 1736252748558,
      "sequence": 29,
      "x": 51.11631212138641,
      "y": 9.038800381137806,
      "name": "Ring 3",
      "category": "Show"
    },
    {
      "id": "wp_1736252757447_30",
      "timestamp": 1736252757447,
      "sequence": 30,
      "x": 68.05625639877394,
      "y": 18.51851785403843,
      "name": "Main Gate",
      "category": "Entrance"
    },
    {
      "id": "wp_1736252766357_31",
      "timestamp": 1736252766357,
      "sequence": 31,
      "x": 68.35258195464661,
      "y": 31.966489152804435,
      "name": "Imagineering",
      "category": "Activities"
    },
    {
      "id": "wp_1736252775020_32",
      "timestamp": 1736252775020,
      "sequence": 32,
      "x": 78.18071289109011,
      "y": 41.593178989626,
      "name": "Cows",
      "category": "Animal Petting"
    },
    {
      "id": "wp_1736252781220_33",
      "timestamp": 1736252781220,
      "sequence": 33,
      "x": 85.49007660261593,
      "y": 41.88712371746788,
      "name": "Sheep",
      "category": "Animal Petting"
    },
    {
      "id": "wp_1736252794315_34",
      "timestamp": 1736252794315,
      "sequence": 34,
      "x": 83.9096736379617,
      "y": 47.692532092345004,
      "name": "Lakeside Farm Ring",
      "category": "Animal Petting"
    },
    {
      "id": "wp_1736252801525_35",
      "timestamp": 1736252801525,
      "sequence": 35,
      "x": 77.09418585289033,
      "y": 47.692532092345004,
      "name": "Sheep Sheeing",
      "category": "Activities"
    },
    {
      "id": "wp_1736252810243_36",
      "timestamp": 1736252810243,
      "sequence": 36,
      "x": 89.4410840142515,
      "y": 47.178128818621715,
      "name": "Pigs",
      "category": "Animal Petting"
    },
    {
      "id": "wp_1736252826409_37",
      "timestamp": 1736252826409,
      "sequence": 37,
      "x": 89.8855723480605,
      "y": 50.33730018477397,
      "name": "Blue Entrance",
      "category": "Entrance"
    },
    {
      "id": "wp_1736252850966_38",
      "timestamp": 1736252850966,
      "sequence": 38,
      "x": 93.6390293891143,
      "y": 44.8993227196992,
      "name": "Public Campsite",
      "category": "Camping"
    },
    {
      "id": "wp_1736252883389_39",
      "timestamp": 1736252883389,
      "sequence": 39,
      "x": 93.73780457440519,
      "y": 58.86169729218849,
      "name": "Blue Parking",
      "category": "Parking"
    },
    {
      "id": "wp_1736252908976_40",
      "timestamp": 1736252908976,
      "sequence": 40,
      "x": 68.79707028845561,
      "y": 69.0762765846938,
      "name": "Yellow Parking",
      "category": "Parking"
    },
    {
      "id": "wp_1736252917887_41",
      "timestamp": 1736252917887,
      "sequence": 41,
      "x": 68.15503158406483,
      "y": 65.54893985059125,
      "name": "Yellow Entrance",
      "category": "Entrance"
    },
    {
      "id": "wp_1736252925783_42",
      "timestamp": 1736252925783,
      "sequence": 42,
      "x": 74.92113177649075,
      "y": 60.404907113358355,
      "name": "Sheep",
      "category": "Animal Petting"
    },
    {
      "id": "wp_1736252952086_43",
      "timestamp": 1736252952086,
      "sequence": 43,
      "x": 64.89545046946547,
      "y": 51.95399618790431,
      "name": "Train Station",
      "category": "Rides"
    },
    {
      "id": "wp_1736252964308_44",
      "timestamp": 1736252964308,
      "sequence": 44,
      "x": 62.96933435629314,
      "y": 54.1585816467184,
      "name": "Avenue B",
      "category": "Toilets"
    },
    {
      "id": "wp_1736252975250_45",
      "timestamp": 1736252975250,
      "sequence": 45,
      "x": 56.15384657122176,
      "y": 53.423719827113715,
      "name": "Cattle Ring",
      "category": "Animal Petting"
    },
    {
      "id": "wp_1736252983575_46",
      "timestamp": 1736252983575,
      "sequence": 46,
      "x": 49.733459527313954,
      "y": 60.331420931397886,
      "name": "Cattle",
      "category": "Animal Petting"
    },
    {
      "id": "wp_1736252989087_47",
      "timestamp": 1736252989087,
      "sequence": 47,
      "x": 64.2534117650747,
      "y": 61.87463075256776,
      "name": "Pigs",
      "category": "Animal Petting"
    },
    {
      "id": "wp_1736253008237_48",
      "timestamp": 1736253008237,
      "sequence": 48,
      "x": 50.47427341699563,
      "y": 51.21913436829961,
      "name": "Bath & West Pavilion",
      "category": "Building"
    },
    {
      "id": "wp_1736253027665_49",
      "timestamp": 1736253027665,
      "sequence": 49,
      "x": 47.65918063620528,
      "y": 51.36610673222055,
      "name": "Information Point",
      "category": "Service & Help"
    },
    {
      "id": "wp_1736253037408_50",
      "timestamp": 1736253037408,
      "sequence": 50,
      "x": 44.99225063335126,
      "y": 51.29262055026008,
      "name": "Great British Kitchen",
      "category": "Food & Drink"
    },
    {
      "id": "wp_1736253052167_51",
      "timestamp": 1736253052167,
      "sequence": 51,
      "x": 44.69592507747859,
      "y": 55.334360558085926,
      "name": "Gift & Lifestyle",
      "category": "Shops"
    },
    {
      "id": "wp_1736253118128_52",
      "timestamp": 1736253118128,
      "sequence": 52,
      "x": 16.07689648360332,
      "y": 61.22868900646679,
      "name": "Green Parking",
      "category": "Parking"
    },
    {
      "id": "wp_1736253140594_53",
      "timestamp": 1736253140594,
      "sequence": 53,
      "x": 30.53758395890952,
      "y": 77.68959435626103,
      "name": "Pony Club Games",
      "category": "Activities"
    },
    {
      "id": "wp_1736253150011_54",
      "timestamp": 1736253150011,
      "sequence": 54,
      "x": 24.37401224812327,
      "y": 67.34273956496179,
      "name": "Vintage Vehicles",
      "category": "Show"
    },
    {
      "id": "wp_1736253174896_55",
      "timestamp": 1736253174896,
      "sequence": 55,
      "x": 19.86986369024101,
      "y": 78.51263962375073,
      "name": "Beadle Arboretum",
      "category": "Activities"
    },
    {
      "id": "wp_1736253182883_56",
      "timestamp": 1736253182883,
      "sequence": 56,
      "x": 21.845367443698144,
      "y": 56.40799529688418,
      "name": "Army",
      "category": "Show"
    },
    {
      "id": "wp_1736253197373_57",
      "timestamp": 1736253197373,
      "sequence": 57,
      "x": 27.121792459260863,
      "y": 58.9290585043421,
      "name": "Pawsability",
      "category": "Show"
    },
    {
      "id": "wp_1736253206386_58",
      "timestamp": 1736253206386,
      "sequence": 58,
      "x": 30.61184886593423,
      "y": 54.27493364684567,
      "name": "Bees & Honey",
      "category": "Food & Drink"
    },
    {
      "id": "wp_1736253235061_59",
      "timestamp": 1736253235061,
      "sequence": 59,
      "x": 33.31170382204005,
      "y": 51.825394248163335,
      "name": "Avenue B (Disabled)",
      "category": "Toilets"
    },
    {
      "id": "wp_1736253244365_60",
      "timestamp": 1736253244365,
      "sequence": 60,
      "x": 40.45644193758836,
      "y": 51.5804403082951,
      "name": "Thatcher's Bar",
      "category": "Food & Drink"
    },
    {
      "id": "wp_1736253254647_61",
      "timestamp": 1736253254647,
      "sequence": 61,
      "x": 36.80176022871342,
      "y": 55.989611225923305,
      "name": "Orchards & Cider",
      "category": "Food & Drink"
    },
    {
      "id": "wp_1736253265998_62",
      "timestamp": 1736253265998,
      "sequence": 62,
      "x": 41.11494314639466,
      "y": 58.24318747271104,
      "name": "Dorset Axemen",
      "category": "Show"
    },
    {
      "id": "wp_1736253277509_63",
      "timestamp": 1736253277509,
      "sequence": 63,
      "x": 42.7611961684104,
      "y": 63.68116493778583,
      "name": "Great British Dogs",
      "category": "Show"
    },
    {
      "id": "wp_1736253292539_64",
      "timestamp": 1736253292539,
      "sequence": 64,
      "x": 40.094266272744896,
      "y": 63.730155725759474,
      "name": "Woodland & Countryside Arena",
      "category": "Show"
    },
    {
      "id": "wp_1736253301943_65",
      "timestamp": 1736253301943,
      "sequence": 65,
      "x": 41.08201808595434,
      "y": 68.23730821933496,
      "name": "Dulverton",
      "category": "Show"
    },
    {
      "id": "wp_1736253349520_66",
      "timestamp": 1736253349520,
      "sequence": 66,
      "x": 55.7149014515,
      "y": 35.72555210471111,
      "name": "Eighth Avenue",
      "category": "Cashpoint"
    },
    {
      "id": "wp_1736253372561_67",
      "timestamp": 1736253372561,
      "sequence": 67,
      "x": 88.31828340824535,
      "y": 31.465313601145255,
      "name": "Orange Entrance",
      "category": "Entrance"
    }
  ],
  "categories": [
    {
      "id": "kll84jqbc",
      "name": "Tent",
      "color": "#9b87f5",
      "createdAt": "2025-01-07T12:36:37.007Z"
    },
    {
      "id": "dmhyoorvw",
      "name": "Activities",
      "color": "#F97316",
      "createdAt": "2025-01-07T12:36:37.007Z"
    },
    {
      "id": "1rjd2ndut",
      "name": "Food & Drink",
      "color": "#0EA5E9",
      "createdAt": "2025-01-07T12:36:37.007Z"
    },
    {
      "id": "ey8xrzvah",
      "name": "Rides",
      "color": "#D946EF",
      "createdAt": "2025-01-07T12:36:37.007Z"
    },
    {
      "id": "unlgb1m99",
      "name": "Show",
      "color": "#33C3F0",
      "createdAt": "2025-01-07T12:36:37.007Z"
    },
    {
      "id": "cs0q08s5i",
      "name": "Toilets",
      "color": "#FEC6A1",
      "createdAt": "2025-01-07T12:36:37.007Z"
    },
    {
      "id": "zcl5vdt0u",
      "name": "Animal Petting",
      "color": "#E5DEFF",
      "createdAt": "2025-01-07T12:36:37.007Z"
    },
    {
      "id": "y45h38a9b",
      "name": "Entrance",
      "color": "#D3E4FD",
      "createdAt": "2025-01-07T12:36:37.007Z"
    },
    {
      "id": "x0af4tmvt",
      "name": "Building",
      "color": "#8B5CF6",
      "createdAt": "2025-01-07T12:36:37.007Z"
    },
    {
      "id": "73tcys6s5",
      "name": "Picnic Area",
      "color": "#1EAEDB",
      "createdAt": "2025-01-07T12:36:37.007Z"
    },
    {
      "id": "5a7lfnp4a",
      "name": "Security Office",
      "color": "#9b87f5",
      "createdAt": "2025-01-07T12:36:37.007Z"
    },
    {
      "id": "x2zc36ymq",
      "name": "Service & Help",
      "color": "#F97316",
      "createdAt": "2025-01-07T12:36:37.007Z"
    },
    {
      "id": "brto1e54k",
      "name": "Camping",
      "color": "#0EA5E9",
      "createdAt": "2025-01-07T12:36:37.007Z"
    },
    {
      "id": "vbtjnb17m",
      "name": "Parking",
      "color": "#D946EF",
      "createdAt": "2025-01-07T12:36:37.007Z"
    },
    {
      "id": "h4mu55jth",
      "name": "Shops",
      "color": "#33C3F0",
      "createdAt": "2025-01-07T12:36:37.007Z"
    },
    {
      "id": "6ryo4j51c",
      "name": "Cashpoint",
      "color": "#FEC6A1",
      "createdAt": "2025-01-07T12:36:37.007Z"
    }
  ],
  "statistics": {
    "totalWaypoints": 67,
    "totalCategories": 16,
    "categoryCounts": {
      "Tent": 2,
      "Activities": 6,
      "Food & Drink": 5,
      "Rides": 3,
      "Show": 13,
      "Toilets": 8,
      "Animal Petting": 9,
      "Entrance": 6,
      "Building": 3,
      "Picnic Area": 1,
      "Security Office": 0,
      "Service & Help": 5,
      "Camping": 1,
      "Parking": 3,
      "Shops": 1,
      "Cashpoint": 1
    }
  }
}